<?xml version="1.0" encoding="UTF-8"?>
<CustomField xmlns="http://soap.sforce.com/2006/04/metadata">
    <fullName>Flavor__c</fullName>
    <externalId>false</externalId>
    <label>Flavor</label>
    <required>true</required>
    <trackTrending>false</trackTrending>
    <type>Picklist</type>
    <valueSet>
        <restricted>true</restricted>
        <valueSetDefinition>
            <sorted>false</sorted>
            <value>
                <fullName>Lemon</fullName>
                <default>false</default>
                <label>Lemon</label>
            </value>
            <value>
                <fullName>Apple</fullName>
                <default>false</default>
                <label>Apple</label>
            </value>
            <value>
                <fullName>Orange</fullName>
                <default>false</default>
                <label>Orange</label>
            </value>
            <value>
                <fullName>Tomato</fullName>
                <default>false</default>
                <label>Tomato</label>
            </value>
        </valueSetDefinition>
    </valueSet>
</CustomField>
