<?xml version="1.0" encoding="UTF-8"?>
<CustomField xmlns="http://soap.sforce.com/2006/04/metadata">
    <fullName>Size__c</fullName>
    <externalId>false</externalId>
    <label>Size</label>
    <required>true</required>
    <trackTrending>false</trackTrending>
    <type>Picklist</type>
    <valueSet>
        <restricted>true</restricted>
        <valueSetDefinition>
            <sorted>false</sorted>
            <value>
                <fullName>Small</fullName>
                <default>false</default>
                <label>Small</label>
            </value>
            <value>
                <fullName>Medium</fullName>
                <default>false</default>
                <label>Medium</label>
            </value>
            <value>
                <fullName>Large</fullName>
                <default>false</default>
                <label>Large</label>
            </value>
            <value>
                <fullName>Extra Large</fullName>
                <default>false</default>
                <label>Extra Large</label>
            </value>
        </valueSetDefinition>
    </valueSet>
</CustomField>
