<?xml version="1.0" encoding="UTF-8"?>
<CustomField xmlns="http://soap.sforce.com/2006/04/metadata">
    <fullName>Bathroom_Hookup__c</fullName>
    <externalId>false</externalId>
    <label>Bathroom Hookup</label>
    <required>false</required>
    <trackHistory>false</trackHistory>
    <trackTrending>false</trackTrending>
    <type>Picklist</type>
    <valueSet>
        <valueSetDefinition>
            <sorted>false</sorted>
            <value>
                <fullName>Walk-In Shower</fullName>
                <default>false</default>
                <label>Walk-In Shower</label>
            </value>
            <value>
                <fullName>Tub/Shower Combo</fullName>
                <default>false</default>
                <label>Tub/Shower Combo</label>
            </value>
            <value>
                <fullName>No Shower</fullName>
                <default>false</default>
                <label>No Shower</label>
            </value>
        </valueSetDefinition>
    </valueSet>
</CustomField>
