<?xml version="1.0" encoding="UTF-8"?>
<CustomField xmlns="http://soap.sforce.com/2006/04/metadata">
    <fullName>Levelers__c</fullName>
    <externalId>false</externalId>
    <label>Levelers</label>
    <required>false</required>
    <trackHistory>false</trackHistory>
    <trackTrending>false</trackTrending>
    <type>Picklist</type>
    <valueSet>
        <valueSetDefinition>
            <sorted>false</sorted>
            <value>
                <fullName>Automatic</fullName>
                <default>false</default>
                <label>Automatic</label>
            </value>
            <value>
                <fullName>Manual</fullName>
                <default>false</default>
                <label>Manual</label>
            </value>
        </valueSetDefinition>
    </valueSet>
</CustomField>
