<?xml version="1.0" encoding="UTF-8"?>
<CustomField xmlns="http://soap.sforce.com/2006/04/metadata">
    <fullName>Power__c</fullName>
    <externalId>false</externalId>
    <label>Power</label>
    <required>false</required>
    <trackHistory>false</trackHistory>
    <trackTrending>false</trackTrending>
    <type>Picklist</type>
    <valueSet>
        <valueSetDefinition>
            <sorted>false</sorted>
            <value>
                <fullName>Diesel-Powered Class B</fullName>
                <default>false</default>
                <label>Diesel-Powered Class B</label>
            </value>
            <value>
                <fullName>Front-Engine Diesel</fullName>
                <default>false</default>
                <label>Front-Engine Diesel</label>
            </value>
            <value>
                <fullName>Regular Diesel</fullName>
                <default>false</default>
                <label>Regular Diesel</label>
            </value>
        </valueSetDefinition>
    </valueSet>
</CustomField>
