<?xml version="1.0" encoding="UTF-8"?>
<CustomField xmlns="http://soap.sforce.com/2006/04/metadata">
    <fullName>Equipment__c</fullName>
    <deleteConstraint>SetNull</deleteConstraint>
    <externalId>false</externalId>
    <label>Equipment</label>
    <lookupFilter>
        <active>true</active>
        <errorMessage>No spare parts meet this description or name.</errorMessage>
        <filterItems>
            <field>Product2.Replacement_Part__c</field>
            <operation>equals</operation>
            <value>True</value>
        </filterItems>
        <isOptional>false</isOptional>
    </lookupFilter>
    <referenceTo>Product2</referenceTo>
    <relationshipLabel>Work Parts</relationshipLabel>
    <relationshipName>Work_Parts</relationshipName>
    <required>false</required>
    <trackHistory>false</trackHistory>
    <trackTrending>false</trackTrending>
    <type>Lookup</type>
</CustomField>
