<?xml version="1.0" encoding="UTF-8"?>
<CustomField xmlns="http://soap.sforce.com/2006/04/metadata">
    <fullName>Maintenance_Request__c</fullName>
    <externalId>false</externalId>
    <label>Maintenance Request</label>
    <referenceTo>Case</referenceTo>
    <relationshipLabel>Work Parts</relationshipLabel>
    <relationshipName>Work_Parts</relationshipName>
    <relationshipOrder>0</relationshipOrder>
    <reparentableMasterDetail>false</reparentableMasterDetail>
    <trackHistory>false</trackHistory>
    <trackTrending>false</trackTrending>
    <type>MasterDetail</type>
    <writeRequiresMasterRead>false</writeRequiresMasterRead>
</CustomField>
