<?xml version="1.0" encoding="UTF-8"?>
<CustomField xmlns="http://soap.sforce.com/2006/04/metadata">
    <fullName>EngineeringReqNumber__c</fullName>
    <encryptionScheme>None</encryptionScheme>
    <externalId>false</externalId>
    <label>Engineering Req Number</label>
    <length>12</length>
    <required>false</required>
    <trackFeedHistory>false</trackFeedHistory>
    <trackHistory>false</trackHistory>
    <trackTrending>false</trackTrending>
    <type>Text</type>
    <unique>false</unique>
</CustomField>
