<?xml version="1.0" encoding="UTF-8"?>
<CustomObject xmlns="http://soap.sforce.com/2006/04/metadata">
    <actionOverrides>
        <actionName>Add</actionName>
        <type>Default</type>
    </actionOverrides>
    <actionOverrides>
        <actionName>Add</actionName>
        <formFactor>Large</formFactor>
        <type>Default</type>
    </actionOverrides>
    <actionOverrides>
        <actionName>Add</actionName>
        <formFactor>Small</formFactor>
        <type>Default</type>
    </actionOverrides>
    <actionOverrides>
        <actionName>CancelEdit</actionName>
        <type>Default</type>
    </actionOverrides>
    <actionOverrides>
        <actionName>CancelEdit</actionName>
        <formFactor>Large</formFactor>
        <type>Default</type>
    </actionOverrides>
    <actionOverrides>
        <actionName>CancelEdit</actionName>
        <formFactor>Small</formFactor>
        <type>Default</type>
    </actionOverrides>
    <actionOverrides>
        <actionName>Clone</actionName>
        <type>Default</type>
    </actionOverrides>
    <actionOverrides>
        <actionName>Clone</actionName>
        <formFactor>Large</formFactor>
        <type>Default</type>
    </actionOverrides>
    <actionOverrides>
        <actionName>Clone</actionName>
        <formFactor>Small</formFactor>
        <type>Default</type>
    </actionOverrides>
    <actionOverrides>
        <actionName>Delete</actionName>
        <type>Default</type>
    </actionOverrides>
    <actionOverrides>
        <actionName>Delete</actionName>
        <formFactor>Large</formFactor>
        <type>Default</type>
    </actionOverrides>
    <actionOverrides>
        <actionName>Delete</actionName>
        <formFactor>Small</formFactor>
        <type>Default</type>
    </actionOverrides>
    <actionOverrides>
        <actionName>Edit</actionName>
        <type>Default</type>
    </actionOverrides>
    <actionOverrides>
        <actionName>Edit</actionName>
        <formFactor>Large</formFactor>
        <type>Default</type>
    </actionOverrides>
    <actionOverrides>
        <actionName>Edit</actionName>
        <formFactor>Small</formFactor>
        <type>Default</type>
    </actionOverrides>
    <actionOverrides>
        <actionName>List</actionName>
        <type>Default</type>
    </actionOverrides>
    <actionOverrides>
        <actionName>List</actionName>
        <formFactor>Large</formFactor>
        <type>Default</type>
    </actionOverrides>
    <actionOverrides>
        <actionName>List</actionName>
        <formFactor>Small</formFactor>
        <type>Default</type>
    </actionOverrides>
    <actionOverrides>
        <actionName>SaveEdit</actionName>
        <type>Default</type>
    </actionOverrides>
    <actionOverrides>
        <actionName>SaveEdit</actionName>
        <formFactor>Large</formFactor>
        <type>Default</type>
    </actionOverrides>
    <actionOverrides>
        <actionName>SaveEdit</actionName>
        <formFactor>Small</formFactor>
        <type>Default</type>
    </actionOverrides>
    <actionOverrides>
        <actionName>Tab</actionName>
        <type>Default</type>
    </actionOverrides>
    <actionOverrides>
        <actionName>Tab</actionName>
        <formFactor>Large</formFactor>
        <type>Default</type>
    </actionOverrides>
    <actionOverrides>
        <actionName>Tab</actionName>
        <formFactor>Small</formFactor>
        <type>Default</type>
    </actionOverrides>
    <actionOverrides>
        <actionName>View</actionName>
        <type>Default</type>
    </actionOverrides>
    <actionOverrides>
        <actionName>View</actionName>
        <formFactor>Large</formFactor>
        <type>Default</type>
    </actionOverrides>
    <actionOverrides>
        <actionName>View</actionName>
        <formFactor>Small</formFactor>
        <type>Default</type>
    </actionOverrides>
    <compactLayoutAssignment>SYSTEM</compactLayoutAssignment>
    <enableFeeds>false</enableFeeds>
    <searchLayouts>
        <customTabListAdditionalFields>PRODUCT2.NAME</customTabListAdditionalFields>
        <customTabListAdditionalFields>PRODUCT2.CUSTOMER_PRODUCT_ID</customTabListAdditionalFields>
        <customTabListAdditionalFields>PRODUCT2.DESCRIPTION</customTabListAdditionalFields>
        <lookupDialogsAdditionalFields>PRODUCT2.NAME</lookupDialogsAdditionalFields>
        <lookupDialogsAdditionalFields>PRODUCT2.CUSTOMER_PRODUCT_ID</lookupDialogsAdditionalFields>
        <lookupDialogsAdditionalFields>PRODUCT2.DESCRIPTION</lookupDialogsAdditionalFields>
        <lookupDialogsAdditionalFields>PRODUCT2.FAMILY</lookupDialogsAdditionalFields>
        <lookupPhoneDialogsAdditionalFields>PRODUCT2.NAME</lookupPhoneDialogsAdditionalFields>
        <lookupPhoneDialogsAdditionalFields>PRODUCT2.CUSTOMER_PRODUCT_ID</lookupPhoneDialogsAdditionalFields>
        <lookupPhoneDialogsAdditionalFields>PRODUCT2.DESCRIPTION</lookupPhoneDialogsAdditionalFields>
        <lookupPhoneDialogsAdditionalFields>PRODUCT2.FAMILY</lookupPhoneDialogsAdditionalFields>
        <searchResultsAdditionalFields>PRODUCT2.NAME</searchResultsAdditionalFields>
        <searchResultsAdditionalFields>PRODUCT2.CUSTOMER_PRODUCT_ID</searchResultsAdditionalFields>
        <searchResultsAdditionalFields>PRODUCT2.DESCRIPTION</searchResultsAdditionalFields>
        <searchResultsAdditionalFields>PRODUCT2.FAMILY</searchResultsAdditionalFields>
    </searchLayouts>
    <sharingModel>ReadWrite</sharingModel>
</CustomObject>
